timestamp,production_units,m1_energy_kwh,m1_temp_c,m1_vibration_mms,m2_energy_kwh,m2_temp_c,m2_vibration_mms,m3_energy_kwh,m3_temp_c,m3_vibration_mms,total_energy_kwh,anomaly_score
2023-10-01T12:00:00,15,37.35537288703792,53.723064481041774,1.2091717621417204,41.20344201964806,62.01826637021714,2.5116009982882104,58.15019524115569,96.58975909639751,5.015325692658933,142.1739533032211,-1
2023-10-02T10:00:00,15,37.01680536429338,50.6739060892711,1.243229286887534,41.64755069569165,65.1549844887759,2.464489767839533,59.25779588241474,96.19413744160858,4.710150911327789,145.2091040089226,-1
2023-10-02T12:00:00,14,35.249726579976056,53.55194650496881,1.2351624471159042,40.68787911463646,63.40278099701892,2.625760294640991,56.13921743544029,96.43676427612743,5.294363739871812,138.45978637937318,-1
2023-10-03T06:00:00,0,2.991447637276737,44.80553462922602,1.2133101968454896,3.3509008070750066,57.532766683838766,2.5288582134299085,13.654921419588907,70.32393165022744,5.183360782827653,28.59701884334015,-1
2023-10-04T17:00:00,15,37.38714836447842,50.80145524845644,1.236462895794852,42.02159997132611,62.30709926949854,2.58860568357608,57.22211166816135,96.4911864670052,5.289686049691369,142.74945144961018,-1
2023-10-05T12:00:00,15,37.18216734717143,52.60019686339666,1.2018848060996288,41.482295595215874,63.78920992005932,2.4605818963168105,58.02675172508758,95.91083760535967,4.502557474168065,146.4681040229193,-1
2023-10-06T05:00:00,0,2.3476412649294325,44.89173273529543,1.2712631054766346,3.616102409086628,52.04939834150717,2.488925419939721,13.105931060376609,70.37167463656857,5.279454522309194,28.09493736529088,-1
2023-10-06T15:00:00,15,38.03462405916469,51.03186718611449,1.2718087253339088,41.36771745989226,62.23813481160269,2.4598565455384143,57.971506360457326,97.1405995502046,5.2185802222787085,146.49678276229997,-1
2023-10-07T04:00:00,0,1.6486953373917974,45.82753529893312,1.1333984447724377,2.119566470981169,56.451899395645896,2.382781510177979,10.58696868640309,70.09221909282853,5.074689793613954,21.337503999824666,-1
2023-10-07T05:00:00,0,1.0263216325158413,44.73472576893162,1.242040889453735,2.793587710332344,52.18746089326531,2.614745459851552,10.774451601726762,70.47964497439072,5.179419119852504,21.43186979873522,-1
2023-10-07T19:00:00,11,32.014068358604234,51.24352554752879,1.2489939683053952,35.4382212261242,64.19788630195944,2.6544390384203496,49.82524611934177,83.88364734520422,4.312270342984079,126.51057600284432,-1
2023-10-07T20:00:00,0,2.9122991536739544,44.722424438737896,1.2670970581555168,3.110834286972154,55.286013313779065,2.3377823641773743,10.14770360342401,70.77612673324907,5.018063256046353,21.244957749201955,-1
2023-10-09T09:00:00,12,32.915873378888314,52.45002808929284,1.119698754395016,37.24037172888438,62.21528033651495,2.6964869431971046,51.917452301018216,85.11044082045555,4.3029418635583365,130.90195393185434,-1
2023-10-12T17:00:00,15,38.28488465377667,54.269563345248,1.1632504810650015,41.16297078695514,61.08625169937861,2.662289245134576,58.46727087413689,97.3060562288637,4.427187627711652,147.13074307903477,-1
2023-10-13T00:00:00,0,1.7839774805577973,46.60649847197022,1.2193558897276418,2.4325495328694093,55.99429105506835,2.556959378066868,10.335905407380132,70.49720740145165,5.281320703538785,22.17987898325577,-1
2023-10-14T12:00:00,13,35.48897984377578,50.902704000957655,1.2376131614857395,38.78700900344421,65.74369304517431,2.4213450281042697,54.814937324359256,93.5394691222821,5.285456587869343,136.74732377968726,-1
2023-10-15T15:00:00,10,30.282074312203505,51.498014657897,1.2710731160836557,33.940682663410264,62.73469518591363,2.6808735718487218,48.71037858064295,82.15815225285613,4.364583286928682,119.2983763147383,-1
2023-10-15T16:00:00,15,36.54830265812016,52.62017245896975,1.1253584312896918,42.59441304520438,64.99309644326837,2.6856040580701603,56.8275795231792,97.32752303997758,5.210060699212211,141.58055828904563,-1
2023-10-15T17:00:00,15,37.09266378788649,53.02807585348965,1.296906842907566,42.722280540437296,64.74767134154693,2.3137133683063427,58.253819848187405,95.78700340774796,5.250340030228379,145.38258537016463,-1
2023-10-16T21:00:00,0,1.6570323842502517,46.38951252870407,1.1110327332759955,2.7883875582524045,55.98199018994677,2.544509430085309,10.696416311750708,70.2935177741983,4.94463553487065,23.724498193937524,-1
2023-10-18T10:00:00,11,31.98617623006647,50.723990942676814,1.132512476663459,36.35557118757336,62.77829028398912,2.592246548915817,48.281394431582186,84.03221954991825,5.28348811374727,121.67621224506048,-1
2023-10-18T22:00:00,1,2.8001199854173526,45.05086304090374,1.1403864407592674,4.0511330120801645,54.51554482335624,2.413628612288753,15.921623410602653,72.07796958434655,4.311113689008608,32.10047487629011,-1
2023-10-20T01:00:00,0,2.4141574691296146,46.72367089607089,1.1357369411893656,2.5860525620077137,56.02512828829899,2.590241549586404,10.096309466395896,77.8911736477426,5.295194756720323,24.97330567518577,-1
2023-10-20T12:00:00,10,29.08398734424771,49.64645028254196,1.195919645661251,33.90447544641557,58.968471054792296,2.504203541859813,46.655358626271294,85.32593333347361,4.312665641377677,116.33496887486176,-1
2023-10-22T01:00:00,0,1.786735717770971,46.571216480178784,1.278273962729335,3.483121337726695,52.85150634188191,2.353243748464465,10.14853644982096,70.3135293951579,4.963683778695103,22.15579901675089,-1
2023-10-22T19:00:00,15,37.94889979322619,51.28245384270471,1.255875742723282,42.82058299110581,63.38255591249286,2.402823451334968,57.37729967235085,95.28041415970276,5.253578374100429,147.6743296404262,-1
2023-10-23T17:00:00,10,30.194644026717405,50.21614838677287,1.117034220274748,34.335979765058575,63.195450875339134,2.4067519342821,45.74080834429231,82.22702567245321,4.3100462639430575,118.83393272788108,-1
2023-10-23T18:00:00,15,36.72130418118584,53.39927893184375,1.1530495950844966,42.23167454470495,63.2486413730167,2.5663120921127875,59.88526971390687,96.08120903933116,4.8923209749572605,144.1843036828109,-1
2023-10-24T00:00:00,0,1.0764699486516278,44.242939266918725,1.286199135931127,3.256412288391564,54.40895238779912,2.6367101673653925,10.183649935137495,70.78746834815978,4.357031448575713,22.01836128636553,-1
2023-10-27T12:00:00,15,36.70047774174322,53.75886680253817,1.291589249746588,41.44735748949364,65.76640557917777,2.4497458081852974,58.42192792730043,97.29414625814024,4.375064390050821,143.02046901925456,-1
2023-10-28T21:00:00,0,1.3270115377014913,43.71902911327895,1.253177200609918,2.0661618702261797,54.030866604282,2.634201112625821,10.464995025714863,70.10545180168705,5.112487636036986,19.797325596991275,-1
2023-10-29T07:00:00,0,1.1619704571726548,43.2701421936923,1.199454393436558,2.319366753987607,56.169246079729824,2.664796710593877,10.409368000140123,70.69936423769411,4.924713122019523,23.481813340549405,-1
2023-10-30T03:00:00,2,4.6022248825021945,45.85121658996719,1.1741389627482892,6.184206870544252,56.01981121302519,2.3603954468979644,17.491271924475853,72.52710608809637,4.341960833263503,35.12199218077534,-1
2023-10-30T06:00:00,0,1.3576543885303072,43.50653237816,1.1996920955111243,2.113899073510776,52.745544136855344,2.4892085409046087,12.045396581371154,70.05304908700178,4.327924881276301,23.912441356151504,-1
2023-10-30T10:00:00,14,36.60819209071755,50.61425164223448,1.1175694901878832,40.66020947155424,62.63174455987895,2.3003702491170923,57.45869636262395,96.3584770218869,4.35822303623134,139.9621380811235,-1
2023-10-30T13:00:00,15,36.99453100601043,54.02158989259144,1.1075396146910936,41.246654938553206,61.04581844338558,2.351241274751498,59.06238943005857,96.80221238992252,4.526310593120896,142.3542204972209,-1
